series_id,model,mean_smape,std_smape
0,AutoTheta (Local Stat),23.383802944487112,2.9236714402741226
0,CatBoost (Direct ML),4.787929591842341,0.7812333290479292
0,Stacking Ensemble,13.540010606035224,2.3498632177055794
1,AutoTheta (Local Stat),22.739382823307015,0.6349455319680986
1,CatBoost (Direct ML),5.3701962209127645,2.224808741357803
1,Stacking Ensemble,14.050704399377475,1.0333523130890792
2,AutoTheta (Local Stat),14.996370279633547,2.8519022580318745
2,CatBoost (Direct ML),6.940598009085595,1.0747507551958213
2,Stacking Ensemble,10.805392448895795,1.1988267910835622
3,AutoTheta (Local Stat),22.003954999429805,0.7449941844130036
3,CatBoost (Direct ML),3.2602604293986843,0.8803231329693684
3,Stacking Ensemble,11.99298442859832,0.7948927512197237
4,AutoTheta (Local Stat),32.7397467296118,2.526792974780365
4,CatBoost (Direct ML),7.945022455985967,4.5069552214924755
4,Stacking Ensemble,19.66600975997554,1.0860538758866116
5,AutoTheta (Local Stat),23.35783384657353,1.6782772498498915
5,CatBoost (Direct ML),4.335643937102996,0.9646533648353309
5,Stacking Ensemble,13.216819588258952,0.9262591966605316
6,AutoTheta (Local Stat),20.688389973175543,2.1361148142841815
6,CatBoost (Direct ML),4.965036121109328,1.3285719022027007
6,Stacking Ensemble,12.255448948459298,0.7491446530035134
7,AutoTheta (Local Stat),18.822589396200097,1.5350407220126527
7,CatBoost (Direct ML),2.6936943866207663,0.44084485365658566
7,Stacking Ensemble,9.948597539683833,1.3878364281723137
8,AutoTheta (Local Stat),15.482619424186069,0.41523972534351833
8,CatBoost (Direct ML),4.081513028612313,0.7684986216067752
8,Stacking Ensemble,9.138990707234763,0.33153574571306954
9,AutoTheta (Local Stat),6.532822656548508,0.7614232736045469
9,CatBoost (Direct ML),3.273576024798691,0.8274290062121413
9,Stacking Ensemble,4.672812958484936,0.36075137795645873
10,AutoTheta (Local Stat),22.248871459331003,0.32720255517057933
10,CatBoost (Direct ML),5.434156621044379,1.7321608211435082
10,Stacking Ensemble,12.925809763202677,0.7209349516908486
11,AutoTheta (Local Stat),21.041860138255327,1.486954642878563
11,CatBoost (Direct ML),3.4550892599496428,1.6022674273538695
11,Stacking Ensemble,11.601567638234416,1.5915657495299667
12,AutoTheta (Local Stat),29.690223081054878,9.336688463106643
12,CatBoost (Direct ML),15.127912568371494,9.405990380547523
12,Stacking Ensemble,21.02354979235363,7.902018059322565
13,AutoTheta (Local Stat),14.889800474174649,0.7912338299580507
13,CatBoost (Direct ML),6.075650803057914,2.84561672742939
13,Stacking Ensemble,10.144069232741879,1.344481125518266
14,AutoTheta (Local Stat),18.265072850542193,1.0842113225158638
14,CatBoost (Direct ML),2.8350574407619695,0.3454074701120535
14,Stacking Ensemble,9.495687259407608,0.7624408895734066
15,AutoTheta (Local Stat),19.206277178989136,1.1792353153298125
15,CatBoost (Direct ML),4.309635002561904,1.5255572871498966
15,Stacking Ensemble,11.49332860158944,1.1870878894015788
16,AutoTheta (Local Stat),18.043945366717747,0.45860242712161925
16,CatBoost (Direct ML),1.9469086824110242,0.5772405634372137
16,Stacking Ensemble,10.034850876977762,0.6772147394449192
17,AutoTheta (Local Stat),19.03983028481161,0.9807677785063655
17,CatBoost (Direct ML),2.5848639838800413,0.557065759183069
17,Stacking Ensemble,10.023048096447628,1.0842411902512925
18,AutoTheta (Local Stat),17.661998023070623,1.3334600410687727
18,CatBoost (Direct ML),3.177135851648641,0.2941281411852572
18,Stacking Ensemble,8.796182619780557,1.5007533656784444
19,AutoTheta (Local Stat),18.741527738388573,1.3393410795495868
19,CatBoost (Direct ML),4.189388304608007,1.6232404039281847
19,Stacking Ensemble,8.62659868485103,1.9936603979473437
20,AutoTheta (Local Stat),19.936973239355257,2.722253735361202
20,CatBoost (Direct ML),4.9994549836876425,1.3465500350277755
20,Stacking Ensemble,11.274631000678731,3.136242151762695
21,AutoTheta (Local Stat),6.3961640291325565,0.9547856691020357
21,CatBoost (Direct ML),3.5876008520299565,1.3331848240804072
21,Stacking Ensemble,4.916106577169992,0.521724753229037
22,AutoTheta (Local Stat),21.828348165481714,0.9144532025351774
22,CatBoost (Direct ML),5.059500065075404,0.9760839719255905
22,Stacking Ensemble,12.34486356748035,0.7353280635983457
23,AutoTheta (Local Stat),37.61914304137988,1.7189080329317599
23,CatBoost (Direct ML),7.1506156314446185,0.8966261034373119
23,Stacking Ensemble,20.15428215345363,1.2052908925534627
24,AutoTheta (Local Stat),13.425689392206104,1.1663924542590718
24,CatBoost (Direct ML),4.904576360681926,1.9717204173071357
24,Stacking Ensemble,9.18917159907373,1.2708848178043224
25,AutoTheta (Local Stat),18.165147596504127,0.40029698214476805
25,CatBoost (Direct ML),5.985274646760906,3.5001263828782254
25,Stacking Ensemble,11.488067284630432,1.6466854638794681
26,AutoTheta (Local Stat),19.08941360019392,1.2751864296689417
26,CatBoost (Direct ML),3.089753502703647,1.0674825828114511
26,Stacking Ensemble,10.636458529003137,1.590944532109289
27,AutoTheta (Local Stat),20.304283951045974,1.3974549961372102
27,CatBoost (Direct ML),4.312474130474391,1.6993638198045953
27,Stacking Ensemble,12.077019338414367,0.7068418561785053
28,AutoTheta (Local Stat),16.060211980426384,0.6897567206788925
28,CatBoost (Direct ML),5.355909858303893,0.5571345509405203
28,Stacking Ensemble,9.967361586162605,0.696640559581767
29,AutoTheta (Local Stat),15.614330585698186,0.9350959246955497
29,CatBoost (Direct ML),5.936693820633233,2.3443512625225265
29,Stacking Ensemble,9.929826641378648,0.8297912737910699
30,AutoTheta (Local Stat),15.409449110175869,1.2748053908151034
30,CatBoost (Direct ML),4.764278840744015,0.6914239131313847
30,Stacking Ensemble,9.484361815401606,0.9922978199701522
31,AutoTheta (Local Stat),15.216824671654026,1.3519157464671065
31,CatBoost (Direct ML),4.813379237418953,0.6084479983587392
31,Stacking Ensemble,9.445138328238182,1.1192518432859904
32,AutoTheta (Local Stat),21.25678317488813,1.2015755684840137
32,CatBoost (Direct ML),2.002828505377797,0.19215004539456698
32,Stacking Ensemble,12.037225018047081,1.0910682128406515
33,AutoTheta (Local Stat),14.44622049736269,1.3260440674520635
33,CatBoost (Direct ML),2.5531802450048473,0.48040673966739916
33,Stacking Ensemble,8.264760579647099,1.0864324944532093
34,AutoTheta (Local Stat),9.85536480453971,1.5869983383597024
34,CatBoost (Direct ML),4.627728551950071,1.3545099667490015
34,Stacking Ensemble,6.330799741549705,1.941420290971285
35,AutoTheta (Local Stat),17.167300545400078,0.45649516886266434
35,CatBoost (Direct ML),6.70405106734184,3.8156446268328184
35,Stacking Ensemble,11.26594903549813,1.3138766351610414
36,AutoTheta (Local Stat),17.404470376014512,2.6521993888757383
36,CatBoost (Direct ML),8.183722729308945,0.649163741841217
36,Stacking Ensemble,11.961456787424984,2.165414723052348
37,AutoTheta (Local Stat),17.67662106369843,3.069965268564573
37,CatBoost (Direct ML),8.900651907711124,3.0212139058167335
37,Stacking Ensemble,12.36091436534185,1.6850492264392145
38,AutoTheta (Local Stat),15.616611243612455,0.9351455237336302
38,CatBoost (Direct ML),5.766586391473713,2.422695987229656
38,Stacking Ensemble,9.86977226143476,0.8608005230957292
39,AutoTheta (Local Stat),16.794578513759372,0.38828529097861036
39,CatBoost (Direct ML),4.109281364713258,1.6006055799850485
39,Stacking Ensemble,10.087369559081415,1.3895432466230135
40,AutoTheta (Local Stat),13.728836999708484,0.26443834423692647
40,CatBoost (Direct ML),6.980640493534234,1.9174359679305133
40,Stacking Ensemble,9.601086124628063,1.4037472096705146
41,AutoTheta (Local Stat),18.187902118414485,2.095433499770156
41,CatBoost (Direct ML),3.313679559838596,1.0502543591520228
41,Stacking Ensemble,10.025474244729317,1.7957916082915828
42,AutoTheta (Local Stat),17.259124069593927,2.3434771068059947
42,CatBoost (Direct ML),3.609709780239221,0.3022299688852875
42,Stacking Ensemble,9.181042109456474,1.886981780304554
43,AutoTheta (Local Stat),13.110225522811975,1.341877791382735
43,CatBoost (Direct ML),4.203774631581659,0.483237816538241
43,Stacking Ensemble,8.327061793573746,1.2023391581596337
44,AutoTheta (Local Stat),15.836763185996745,1.4260308581798282
44,CatBoost (Direct ML),2.386069504890575,0.34368704111619186
44,Stacking Ensemble,8.322949983309753,0.9929388957383465
45,AutoTheta (Local Stat),28.31882808774549,3.536502700883186
45,CatBoost (Direct ML),6.132394406098009,1.7906540233385657
45,Stacking Ensemble,15.685323626150852,3.658446796670168
46,AutoTheta (Local Stat),15.70308657639165,1.399969040934763
46,CatBoost (Direct ML),2.31124208133059,0.4525542571778844
46,Stacking Ensemble,8.250331106415913,0.9718084455142372
47,AutoTheta (Local Stat),21.48836006674772,0.534275516492279
47,CatBoost (Direct ML),3.301626123167184,0.3464278861971465
47,Stacking Ensemble,11.8578264803305,1.1275465953828927
48,AutoTheta (Local Stat),19.173965743877687,0.305200423280031
48,CatBoost (Direct ML),3.433298630960674,0.36397201595717343
48,Stacking Ensemble,10.674409430814563,0.9429181607052306
49,AutoTheta (Local Stat),15.480458473127145,0.4103501041461438
49,CatBoost (Direct ML),4.044878934995886,0.6808477931930377
49,Stacking Ensemble,9.150301460465394,0.3224982584986103
50,AutoTheta (Local Stat),20.534771921313993,2.164804249000798
50,CatBoost (Direct ML),5.269079821898926,0.9237695679985725
50,Stacking Ensemble,11.465451191371196,2.057427327054596
51,AutoTheta (Local Stat),14.648339733279515,0.9461255508238405
51,CatBoost (Direct ML),3.4444702347327607,1.128437746675
51,Stacking Ensemble,7.625999303759985,1.3751944547224086
52,AutoTheta (Local Stat),18.88009394494369,1.473702494418813
52,CatBoost (Direct ML),5.091581685002189,0.9822165941577946
52,Stacking Ensemble,11.157856030293509,0.5219659558973176
53,AutoTheta (Local Stat),24.476790721599972,1.1160193445278526
53,CatBoost (Direct ML),6.954952119912215,2.4275311597087983
53,Stacking Ensemble,14.50828696003349,0.35035794906191814
54,AutoTheta (Local Stat),12.651350714385842,0.994878059190817
54,CatBoost (Direct ML),5.108215939941425,1.2307646985733895
54,Stacking Ensemble,8.585308547428282,0.7242731060072494
55,AutoTheta (Local Stat),17.12414757981938,1.6206862293509467
55,CatBoost (Direct ML),4.117678972995243,0.7596634426934835
55,Stacking Ensemble,10.031959621430138,1.293612220369961
56,AutoTheta (Local Stat),15.387672031890121,0.560529383844717
56,CatBoost (Direct ML),3.842043351591347,1.06643755108474
56,Stacking Ensemble,8.933979063278004,0.25012341349951106
57,AutoTheta (Local Stat),12.665302724356346,1.8743605617048713
57,CatBoost (Direct ML),4.182377713318922,0.7432205869395432
57,Stacking Ensemble,8.00056987797745,1.2248415135880948
58,AutoTheta (Local Stat),9.999284655343748,1.338225090447431
58,CatBoost (Direct ML),3.2470659454509345,0.47321967487620764
58,Stacking Ensemble,5.645471352980877,1.0163695708754494
59,AutoTheta (Local Stat),24.40133463705716,2.8201790306589305
59,CatBoost (Direct ML),7.614078900904356,2.4236902948709846
59,Stacking Ensemble,15.688812981156937,2.5128957165352728
60,AutoTheta (Local Stat),29.32756952170431,1.5358219649710116
60,CatBoost (Direct ML),9.090190570635494,3.430262600747892
60,Stacking Ensemble,18.672708808848963,2.0804050408366774
61,AutoTheta (Local Stat),47.46047502344271,13.693119124562385
61,CatBoost (Direct ML),37.769585757128816,15.922319389510026
61,Stacking Ensemble,36.41004881337221,19.120173347504174
62,AutoTheta (Local Stat),4.98897083858273,0.6778201417439395
62,CatBoost (Direct ML),1.660551930812738,0.37336851343544275
62,Stacking Ensemble,2.9464479641629535,0.5413675644732663
63,AutoTheta (Local Stat),33.938714172123845,1.5174403099077598
63,CatBoost (Direct ML),6.051734504516186,3.3569459778886044
63,Stacking Ensemble,20.173638651935963,1.047297819758493
64,AutoTheta (Local Stat),30.167255410527158,5.110880481761649
64,CatBoost (Direct ML),5.613693705161496,2.8757493731441315
64,Stacking Ensemble,13.265782763560464,2.922226544956813
65,AutoTheta (Local Stat),24.825289272102307,2.7777584497660994
65,CatBoost (Direct ML),6.265960134992462,2.0080368927114822
65,Stacking Ensemble,14.8017030394982,1.282249015895353
66,AutoTheta (Local Stat),19.11830261342039,1.0453352798609135
66,CatBoost (Direct ML),2.568222057933814,0.41178635576779427
66,Stacking Ensemble,10.250905010771854,0.8868211757395146
67,AutoTheta (Local Stat),15.049806585461164,0.522666441992221
67,CatBoost (Direct ML),4.531864843759955,0.6858266462387057
67,Stacking Ensemble,9.05294727396189,0.577788190690345
68,AutoTheta (Local Stat),24.879627163011833,1.5402584504689336
68,CatBoost (Direct ML),9.908774258879673,0.9562959012298826
68,Stacking Ensemble,17.410149301631034,1.1096817760655704
69,AutoTheta (Local Stat),27.620289830404232,1.6576922457285759
69,CatBoost (Direct ML),7.453598303782272,3.8075747926381074
69,Stacking Ensemble,16.04216546594186,2.5115665179837916
70,AutoTheta (Local Stat),11.67191115314287,1.924873006008785
70,CatBoost (Direct ML),4.695975688992197,1.1073578549033074
70,Stacking Ensemble,6.841201615384023,2.0885036446506935
71,AutoTheta (Local Stat),53.23365545263848,16.53528694618396
71,CatBoost (Direct ML),33.95645590301422,4.148178947703473
71,Stacking Ensemble,40.913246883007325,10.856362676632065
72,AutoTheta (Local Stat),30.03312024218937,1.3805897744789537
72,CatBoost (Direct ML),14.371582874030912,2.7588096541993608
72,Stacking Ensemble,20.042811236578313,2.8699824119780026
73,AutoTheta (Local Stat),22.38367405917511,0.9868250887393086
73,CatBoost (Direct ML),12.546853546121062,2.2107405301570227
73,Stacking Ensemble,16.2885686463178,1.7820916249620242
74,AutoTheta (Local Stat),24.577940100056253,1.3990101806473039
74,CatBoost (Direct ML),4.452541303454146,1.7298268447399177
74,Stacking Ensemble,14.15477700352258,1.4862733244729627
75,AutoTheta (Local Stat),31.662345221407136,3.1521146372775735
75,CatBoost (Direct ML),15.208693282680068,1.0883513425039486
75,Stacking Ensemble,24.550706658238592,2.6924597368349072
76,AutoTheta (Local Stat),32.280697478054535,3.9395422696196474
76,CatBoost (Direct ML),10.807273277197345,3.1756916298527322
76,Stacking Ensemble,21.09190039789574,1.956333368667102
77,AutoTheta (Local Stat),17.72543760177737,0.4760094206325332
77,CatBoost (Direct ML),2.068285177489012,0.466165935992364
77,Stacking Ensemble,9.898344792293686,0.713138160438055
78,AutoTheta (Local Stat),17.948370994267776,1.1411962072134296
78,CatBoost (Direct ML),2.5401193746637607,0.4790813067466491
78,Stacking Ensemble,9.227629068484536,1.0762243060467078
79,AutoTheta (Local Stat),17.857752096993206,0.9595032884277749
79,CatBoost (Direct ML),3.1541454592320863,1.0430642019923329
79,Stacking Ensemble,8.335124993988744,1.0750635394641255
80,AutoTheta (Local Stat),18.84737001528745,1.596205946450465
80,CatBoost (Direct ML),4.999605358848021,2.1772742051504923
80,Stacking Ensemble,8.88517323970355,2.5993770569418175
81,AutoTheta (Local Stat),17.445413704585167,2.7443746122096186
81,CatBoost (Direct ML),4.1782375983116475,0.26691000398157133
81,Stacking Ensemble,9.53467083371661,2.6010912995482354
82,AutoTheta (Local Stat),43.81868954084698,7.43917473651032
82,CatBoost (Direct ML),35.02355812599641,2.2788704718725694
82,Stacking Ensemble,38.626900049772566,3.64656227344357
83,AutoTheta (Local Stat),16.644675228824738,1.771945357978305
83,CatBoost (Direct ML),3.8290961429154273,0.7846327280529373
83,Stacking Ensemble,9.774567929096515,0.957715360355659
84,AutoTheta (Local Stat),22.585503080836954,6.437763207790142
84,CatBoost (Direct ML),10.017747153395248,3.642503758619031
84,Stacking Ensemble,13.62775668162405,5.707957402033341
85,AutoTheta (Local Stat),23.106921740729586,1.5441663791936815
85,CatBoost (Direct ML),9.478243147070911,1.2104291032187866
85,Stacking Ensemble,14.739898651405563,1.329567046404598
86,AutoTheta (Local Stat),15.083328487511345,4.7474301613095395
86,CatBoost (Direct ML),12.400922943615972,1.5104546381118134
86,Stacking Ensemble,12.962282209351534,2.417813433429878
87,AutoTheta (Local Stat),12.665488710027555,0.34728641863786364
87,CatBoost (Direct ML),2.264060571940464,0.9933885032174237
87,Stacking Ensemble,6.649437757239809,0.1223665324862136
88,AutoTheta (Local Stat),16.174199154547463,7.794566243408171
88,CatBoost (Direct ML),14.03639530244561,5.302465009289483
88,Stacking Ensemble,14.74542750335704,5.8161631877930215
89,AutoTheta (Local Stat),18.368114718546824,0.14522629550142285
89,CatBoost (Direct ML),6.220849846391214,2.8970614692194427
89,Stacking Ensemble,11.692786782522306,1.118696117603916
90,AutoTheta (Local Stat),23.74479276724976,1.1678162627025777
90,CatBoost (Direct ML),4.100845836809321,0.7206397083914334
90,Stacking Ensemble,13.430086125578983,1.517607987124263
91,AutoTheta (Local Stat),23.998748135914838,1.7784143073880017
91,CatBoost (Direct ML),6.99865141592214,0.9489674542697569
91,Stacking Ensemble,15.487030989822385,1.5631300509137558
92,AutoTheta (Local Stat),17.38646205759596,0.4936387755575403
92,CatBoost (Direct ML),4.699882739360253,0.34179100292610126
92,Stacking Ensemble,10.58796539679337,0.8304326531636235
93,AutoTheta (Local Stat),15.889493880056172,1.4753335296693526
93,CatBoost (Direct ML),5.205090336866564,0.41300316086417316
93,Stacking Ensemble,9.687281665223727,1.1433593737762702
94,AutoTheta (Local Stat),15.341918445041996,1.644199791434058
94,CatBoost (Direct ML),5.405201531926125,0.6520214529717181
94,Stacking Ensemble,9.424620200658337,1.3111533919276008
95,AutoTheta (Local Stat),19.409320879494903,1.6431194886831844
95,CatBoost (Direct ML),5.1423434010671745,2.0745167402585603
95,Stacking Ensemble,11.031379991054052,1.6740111241013569
96,AutoTheta (Local Stat),13.301833545063422,1.1146574813883277
96,CatBoost (Direct ML),1.8514887379693616,0.23795437670948044
96,Stacking Ensemble,7.278699801258689,1.0307448454238246
97,AutoTheta (Local Stat),3.4705564876946915,1.687678905985874
97,CatBoost (Direct ML),5.713956103672107,2.4593133182775753
97,Stacking Ensemble,4.37619323630621,1.1972476077674006
98,AutoTheta (Local Stat),20.65111221415231,1.2450672081979153
98,CatBoost (Direct ML),7.335003083284342,3.9278696612740336
98,Stacking Ensemble,13.438087221084814,2.257729386480992
99,AutoTheta (Local Stat),30.05336531326418,6.189358935589197
99,CatBoost (Direct ML),12.554476856706627,5.201016045793478
99,Stacking Ensemble,20.192920356278805,0.6864660621893796
